unique_id,centre_pos,start,end,target_sequence,length,rev_comp,GC_content,A_content,C_content,dG,Tm,dG_1st_half,Tm_1st_half,dG_2nd_half,Tm_2nd_half,passed_a_comp,passed_c_comp,passed_a_stack,passed_c_stack,passed_c_spec_stack,dG_deviation,dG_deviation_halves,chrom,rev_comp_1st_half_id,rev_comp_1st_half,rev_comp_2nd_half_id,rev_comp_2nd_half,rev_comp_1st_half_probe_id,rev_comp_1st_half_B1,rev_comp_2nd_half_probe_id,rev_comp_2nd_half_B1
id_446,471.5,446,497,CATTAAACGGATCATGCAGGACACCGATACGAAGATCACTGTCAGCTCTATC,52,GATAGAGCTGACAGTGATCTTCGTATCGGTGTCCTGCATGATCCGTTTAATG,0.46153846153846156,0.3269230769230769,0.2692307692307692,-67.94556000000006,78.63833488064486,-32.09100500000003,70.50804887243336,-28.85264500000005,67.54801733334531,TRUE,FALSE,TRUE,TRUE,TRUE,7.945560000000057,3.2383599999999824,valr,01,gatagagctgacagtgatcttcgta,02,ggtgtcctgcatgatccgtttaatg,imp-exon_HCRB1_01,gatagagctgacagtgatcttcgtaTAgAAgAgTCTTCCTTTACg,imp-exon_HCRB1_02,gAggAgggCAgCAAACggAAggtgtcctgcatgatccgtttaatg
id_531,556.5,531,582,ATTACGGTCAAGGGATTAATTGAGAACATGTCGCGTGCTGAGAACCAAATTA,52,TAATTTGGTTCTCAGCACGCGACATGTTCTCAATTAATCCCTTGACCGTAAT,0.40384615384615385,0.34615384615384615,0.15384615384615385,-65.84577500000002,74.1851049801202,-28.561510000000037,62.126304769359166,-30.176725000000005,66.32505906271516,TRUE,TRUE,TRUE,TRUE,TRUE,5.8457750000000175,5.261764999999958,valr,03,taatttggttctcagcacgcgacat,04,tctcaattaatcccttgaccgtaat,imp-exon_HCRB1_03,taatttggttctcagcacgcgacatTAgAAgAgTCTTCCTTTACg,imp-exon_HCRB1_04,gAggAgggCAgCAAACggAAtctcaattaatcccttgaccgtaat
id_983,1008.5,983,1034,GAAGGCGCAGTACATGATCTTCGAGAAGATGCGCGAAGAAGGCTTCATGTGT,52,ACACATGAAGCCTTCTTCGCGCATCTTCTCGAAGATCATGTACTGCGCCTTC,0.5,0.28846153846153844,0.17307692307692307,-72.36099000000004,80.39931156781066,-32.017324999999985,69.60814408107663,-33.10191499999998,70.73818437491505,TRUE,FALSE,TRUE,TRUE,TRUE,12.360990000000044,1.1192399999999623,valr,05,acacatgaagccttcttcgcgcatc,06,ctcgaagatcatgtactgcgccttc,imp-exon_HCRB1_05,acacatgaagccttcttcgcgcatcTAgAAgAgTCTTCCTTTACg,imp-exon_HCRB1_06,gAggAgggCAgCAAACggAActcgaagatcatgtactgcgccttc
id_1190,1215.5,1190,1241,GTGGAGATGAAGAGACACCAGTGCACATCATCGGACTATTCTACAGTGTACA,52,TGTACACTGTAGAATAGTCCGATGATGTGCACTGGTGTCTCTTCATCTCCAC,0.46153846153846156,0.3269230769230769,0.21153846153846154,-68.60174500000005,81.27241331865665,-34.16579499999995,78.97332618599515,-27.448709999999963,62.989015718877084,TRUE,TRUE,TRUE,TRUE,TRUE,8.60174500000005,6.71708499999999,valr,07,tgtacactgtagaatagtccgatga,08,tgcactggtgtctcttcatctccac,imp-exon_HCRB1_07,tgtacactgtagaatagtccgatgaTAgAAgAgTCTTCCTTTACg,imp-exon_HCRB1_08,gAggAgggCAgCAAACggAAtgcactggtgtctcttcatctccac
id_1398,1423.5,1398,1449,CATCTCAACAACAGGCACTGCCGCCGCAATTGCATCATCAGCCTGTGTCGTC,52,GACGACACAGGCTGATGATGCAATTGCGGCGGCAGTGCCTGTTGTTGAGATG,0.5576923076923077,0.23076923076923078,0.36538461538461536,-73.49689500000002,80.99760671957486,-35.64908000000002,78.1969503108804,-29.444775000000025,64.36009012569045,TRUE,FALSE,TRUE,TRUE,TRUE,13.496895000000023,6.204304999999994,valr,09,gacgacacaggctgatgatgcaatt,10,ggcggcagtgcctgttgttgagatg,imp-exon_HCRB1_09,gacgacacaggctgatgatgcaattTAgAAgAgTCTTCCTTTACg,imp-exon_HCRB1_10,gAggAgggCAgCAAACggAAggcggcagtgcctgttgttgagatg
id_1958,1983.5,1958,2009,CATCAAAAAGTGAGCTGCGTGAAGAGCTCTACTAGTTCATAGCAGTGTATTT,52,AAATACACTGCTATGAACTAGTAGAGCTCTTCACGCAGCTCACTTTTTGATG,0.40384615384615385,0.3076923076923077,0.17307692307692307,-62.366989999999994,73.892807235361,-30.449080000000016,69.15716742865354,-23.410370000000025,55.44053448584057,FALSE,TRUE,TRUE,TRUE,TRUE,2.366989999999994,10.140549999999958,valr,11,aaatacactgctatgaactagtaga,12,tcttcacgcagctcactttttgatg,imp-exon_HCRB1_11,aaatacactgctatgaactagtagaTAgAAgAgTCTTCCTTTACg,imp-exon_HCRB1_12,gAggAgggCAgCAAACggAAtcttcacgcagctcactttttgatg
id_214,239.5,214,265,GATCACACAACAGAGCCGTGCTCGCGTCGACGTCCATCGTAAGGAGAATGTT,52,AACATTCTCCTTACGATGGACGTCGACGCGAGCACGGCTCTGTTGTGTGATC,0.5384615384615384,0.2692307692307692,0.2692307692307692,-72.489005,79.68728357921955,-35.065620000000024,77.49037407522215,-30.023540000000008,64.42547606211892,TRUE,TRUE,TRUE,TRUE,TRUE,12.489005000000006,5.042080000000016,valr,13,aacattctccttacgatggacgtcg,14,gcgagcacggctctgttgtgtgatc,imp-exon_HCRB1_13,aacattctccttacgatggacgtcgTAgAAgAgTCTTCCTTTACg,imp-exon_HCRB1_14,gAggAgggCAgCAAACggAAgcgagcacggctctgttgtgtgatc
id_276,301.5,276,327,AGAAATCGATTACGATCTATGGCAATCCGGAGAACTGCACCAACGCCTGTAA,52,TTACAGGCGTTGGTGCAGTTCTCCGGATTGCCATAGATCGTAATCGATTTCT,0.46153846153846156,0.34615384615384615,0.25,-70.66342500000005,79.98975744168322,-28.086875,62.96102032083971,-34.977465000000024,76.68468272635656,TRUE,FALSE,TRUE,TRUE,TRUE,10.663425000000046,6.890590000000024,valr,15,ttacaggcgttggtgcagttctccg,16,ttgccatagatcgtaatcgatttct,imp-exon_HCRB1_15,ttacaggcgttggtgcagttctccgTAgAAgAgTCTTCCTTTACg,imp-exon_HCRB1_16,gAggAgggCAgCAAACggAAttgccatagatcgtaatcgatttct
id_697,722.5,697,748,TCTTCAATACGAGCATGCCGTTCCCCTCGTGTCAAAGCTTTGCCATGTCCAA,52,TTGGACATGGCAAAGCTTTGACACGAGGGGAACGGCATGCTCGTATTGAAGA,0.5,0.21153846153846154,0.3269230769230769,-67.49089500000008,74.77177791779943,-30.883875,66.30133903262086,-29.00530500000002,63.10931380877875,FALSE,FALSE,TRUE,TRUE,TRUE,7.49089500000008,4.110819999999979,valr,17,ttggacatggcaaagctttgacacg,18,gggaacggcatgctcgtattgaaga,imp-exon_HCRB1_17,ttggacatggcaaagctttgacacgTAgAAgAgTCTTCCTTTACg,imp-exon_HCRB1_18,gAggAgggCAgCAAACggAAgggaacggcatgctcgtattgaaga
id_774,799.5,774,825,GTCTTCCCCAATGACCTACAGGAAACCACCTATCTCTACATACCCAACAACG,52,CGTTGTTGGGTATGTAGAGATAGGTGGTTTCCTGTAGGTCATTGGGGAAGAC,0.4807692307692308,0.3269230769230769,0.38461538461538464,-68.33632500000002,81.83509369522582,-30.825955000000015,70.73399639145012,-29.306025000000023,69.03139099402617,TRUE,FALSE,TRUE,TRUE,TRUE,8.336325000000016,3.8680199999999623,valr,19,cgttgttgggtatgtagagataggt,20,tttcctgtaggtcattggggaagac,imp-exon_HCRB1_19,cgttgttgggtatgtagagataggtTAgAAgAgTCTTCCTTTACg,imp-exon_HCRB1_20,gAggAgggCAgCAAACggAAtttcctgtaggtcattggggaagac
id_854,879.5,854,905,CTCGCATATCCGAAGCATAATGCGCTTCTCGAACGCATCCCTTAAAATAGCC,52,GGCTATTTTAAGGGATGCGTTCGAGAAGCGCATTATGCTTCGGATATGCGAG,0.4807692307692308,0.28846153846153844,0.3269230769230769,-67.84577500000002,75.74281616870812,-32.04214500000005,68.25416114969264,-30.09589500000005,66.68253753951231,TRUE,FALSE,TRUE,TRUE,TRUE,7.8457750000000175,1.9462499999999991,valr,21,ggctattttaagggatgcgttcgag,22,gcgcattatgcttcggatatgcgag,imp-exon_HCRB1_21,ggctattttaagggatgcgttcgagTAgAAgAgTCTTCCTTTACg,imp-exon_HCRB1_22,gAggAgggCAgCAAACggAAgcgcattatgcttcggatatgcgag
id_1745,1770.5,1745,1796,TTTCTACTGTTGATACTACCTCCACAGCACACCCATAAGATTCAATACCCCA,52,TGGGGTATTGAATCTTATGGGTGTGCTGTGGAGGTAGTATCAACAGTAGAAA,0.4230769230769231,0.3076923076923077,0.34615384615384615,-63.26603500000003,76.21993524728558,-25.83028,61.59045530772889,-28.913175000000017,66.97770127076947,TRUE,FALSE,TRUE,TRUE,TRUE,3.2660350000000307,9.256544999999985,valr,23,tggggtattgaatcttatgggtgtg,24,gtggaggtagtatcaacagtagaaa,imp-exon_HCRB1_23,tggggtattgaatcttatgggtgtgTAgAAgAgTCTTCCTTTACg,imp-exon_HCRB1_24,gAggAgggCAgCAAACggAAgtggaggtagtatcaacagtagaaa
id_1802,1827.5,1802,1853,CAAAAGCACCCACCACAATTTACAACCCTATATAACTACAAGCTAACCGTAG,52,CTACGGTTAGCTTGTAGTTATATAGGGTTGTAAATTGTGGTGGGTGCTTTTG,0.40384615384615385,0.4230769230769231,0.3269230769230769,-64.20118000000005,77.61509725531042,-28.434605000000012,65.88371822560137,-26.36279500000004,63.14940307423777,TRUE,FALSE,TRUE,TRUE,TRUE,4.2011800000000505,9.202599999999947,valr,25,ctacggttagcttgtagttatatag,26,ttgtaaattgtggtgggtgcttttg,imp-exon_HCRB1_25,ctacggttagcttgtagttatatagTAgAAgAgTCTTCCTTTACg,imp-exon_HCRB1_26,gAggAgggCAgCAAACggAAttgtaaattgtggtgggtgcttttg
